accuracy,precision,recall,f1_score,balanced_accuracy,mcc,roc_auc,cv_score,algorithm,prediction_latency_sec
0.7034883720930233,0.6,0.96,0.7384615384615385,0.7325773195876288,0.5022518680277369,0.7331958762886598,0.6992700729927008,random_forest,6.441460099331169e-05
0.686046511627907,0.5813953488372093,1.0,0.7352941176470589,0.7216494845360825,0.5076730825668095,0.7404810996563573,0.6905109489051096,naive_bayes,1.7186930013257402e-05
0.6976744186046512,0.5966386554621849,0.9466666666666667,0.7319587628865979,0.7259106529209622,0.4852569785495902,0.728384879725086,0.7167883211678833,decision_tree,8.882478226062863e-06
0.6918604651162791,0.6,0.88,0.7135135135135136,0.7131958762886598,0.4403855975839372,0.7454982817869416,0.6832116788321168,gradient_boosting,1.8097633539244188e-05
0.6686046511627907,0.5775862068965517,0.8933333333333333,0.7015706806282722,0.6940893470790378,0.4107950345261979,0.7221993127147767,0.7036496350364964,svm,1.991349597309911e-05
0.6802325581395349,0.5925925925925926,0.8533333333333334,0.6994535519125683,0.6998625429553265,0.4100870344734117,0.7391065292096219,0.6919708029197079,xgboost,4.061155540998592e-05
0.6395348837209303,0.5656565656565656,0.7466666666666667,0.6436781609195402,0.6516838487972509,0.3043734780498752,0.7079037800687284,0.6963503649635037,logistic_regression,2.1838864614797194e-05
0.6453488372093024,0.5875,0.6266666666666667,0.6064516129032258,0.6432302405498282,0.28480152380832513,0.7047422680412371,0.6364963503649635,knn,0.010610969953758771
